"","Source","Target"
"1","PietroMonticone","925864157857030144"
"2","PietroMonticone","432862262"
"3","PietroMonticone","3186872395"
"4","PietroMonticone","587095546"
"5","PietroMonticone","1451034859"
"6","PietroMonticone","1377475712"
"7","PietroMonticone","144087818"
"8","PietroMonticone","781832000562929665"
"9","PietroMonticone","2603932549"
"10","PietroMonticone","58867956"
"11","PietroMonticone","524636167"
"12","PietroMonticone","970481802308653056"
"13","PietroMonticone","36308071"
"14","PietroMonticone","357661916"
"15","PietroMonticone","46877099"
"16","PietroMonticone","1094750915444310016"
"17","PietroMonticone","860680369"
"18","PietroMonticone","874743751"
"19","PietroMonticone","1585680776"
"20","PietroMonticone","1195397574233968641"
"21","PietroMonticone","231151730"
"22","PietroMonticone","994998772596920321"
"23","PietroMonticone","964159827009253378"
"24","PietroMonticone","377491711"
"25","PietroMonticone","1053946146551357444"
"26","PietroMonticone","64595550"
"27","PietroMonticone","1250345422591111173"
"28","PietroMonticone","124852105"
"29","PietroMonticone","2567136734"
"30","PietroMonticone","2173576442"
"31","PietroMonticone","238516153"
"32","PietroMonticone","1100923445368549381"
"33","PietroMonticone","2319383185"
"34","PietroMonticone","630910256"
"35","PietroMonticone","1201811382091554817"
"36","PietroMonticone","2179078237"
"37","PietroMonticone","1073516911709880320"
"38","PietroMonticone","1859755328"
"39","PietroMonticone","35475079"
"40","PietroMonticone","331171344"
"41","PietroMonticone","567698748"
"42","PietroMonticone","357452342"
"43","PietroMonticone","708767013804445696"
"44","PietroMonticone","1216043056086077440"
"45","PietroMonticone","839671943456571392"
"46","PietroMonticone","92134909"
"47","PietroMonticone","1117093805499355136"
"48","PietroMonticone","2990601496"
"49","PietroMonticone","1182815304365289473"
"50","PietroMonticone","2799815973"
"51","PietroMonticone","1336611008"
"52","PietroMonticone","971837840983248896"
"53","PietroMonticone","3360651432"
"54","PietroMonticone","381746423"
"55","PietroMonticone","1083465257077608451"
"56","PietroMonticone","46848753"
"57","PietroMonticone","1642585022"
"58","PietroMonticone","535887576"
"59","PietroMonticone","398398588"
"60","PietroMonticone","299603744"
"61","PietroMonticone","17961128"
"62","PietroMonticone","451083151"
"63","PietroMonticone","2367205627"
"64","PietroMonticone","877616433609318400"
"65","PietroMonticone","301029598"
"66","PietroMonticone","272065025"
"67","PietroMonticone","1404517633"
"68","PietroMonticone","1523174335"
"69","PietroMonticone","3000719200"
"70","PietroMonticone","341468158"
"71","PietroMonticone","704257242858708992"
"72","PietroMonticone","906180984588161024"
"73","PietroMonticone","1143983682006523904"
"74","PietroMonticone","808051518242979841"
"75","PietroMonticone","263702718"
"76","PietroMonticone","1322412710"
"77","PietroMonticone","21774074"
"78","PietroMonticone","397296625"
"79","PietroMonticone","2327559364"
"80","PietroMonticone","40542861"
"81","PietroMonticone","296316503"
"82","PietroMonticone","719057596540461057"
"83","PietroMonticone","876605660"
"84","PietroMonticone","3448284313"
"85","PietroMonticone","28514239"
"86","PietroMonticone","21133252"
"87","PietroMonticone","18274250"
"88","PietroMonticone","3084293260"
"89","PietroMonticone","999238297791664134"
"90","PietroMonticone","24898621"
"91","PietroMonticone","432812106"
"92","PietroMonticone","1241439346202296320"
"93","PietroMonticone","782795711989420033"
"94","PietroMonticone","2288715758"
"95","PietroMonticone","830032010865422337"
"96","PietroMonticone","2321104375"
"97","PietroMonticone","1151391671378173952"
"98","PietroMonticone","143590548"
"99","PietroMonticone","1024661742671028224"
"100","PietroMonticone","44217911"
"101","PietroMonticone","306211107"
"102","PietroMonticone","22615177"
"103","PietroMonticone","278747882"
"104","PietroMonticone","2279164099"
"105","PietroMonticone","2373594098"
"106","PietroMonticone","1005085697018138624"
"107","PietroMonticone","2767488183"
"108","PietroMonticone","341180845"
"109","PietroMonticone","904444806126071808"
"110","PietroMonticone","268409056"
"111","PietroMonticone","2438886458"
"112","PietroMonticone","414087321"
"113","PietroMonticone","2206924014"
"114","PietroMonticone","356164932"
"115","PietroMonticone","1253380137501880320"
"116","PietroMonticone","64313421"
"117","PietroMonticone","1146842106436231169"
"118","PietroMonticone","1242568227483418631"
"119","PietroMonticone","1362984396"
"120","PietroMonticone","926547501158752257"
"121","PietroMonticone","67974646"
"122","PietroMonticone","984462934247079936"
"123","PietroMonticone","901034113582473216"
"124","PietroMonticone","1502671567"
"125","PietroMonticone","1179713956623114240"
"126","PietroMonticone","2284174986"
"127","PietroMonticone","1248611512714813441"
"128","PietroMonticone","849592848185995264"
"129","PietroMonticone","19755503"
"130","PietroMonticone","19754879"
"131","PietroMonticone","1142447618322313216"
"132","PietroMonticone","3900399077"
"133","PietroMonticone","725586968"
"134","PietroMonticone","601375597"
"135","PietroMonticone","962365787829829632"
"136","PietroMonticone","2165374789"
"137","PietroMonticone","311757883"
"138","PietroMonticone","97643846"
"139","PietroMonticone","71530179"
"140","PietroMonticone","1005614226"
"141","PietroMonticone","899832247"
"142","PietroMonticone","115190692"
"143","PietroMonticone","2300175970"
"144","PietroMonticone","1872352194"
"145","PietroMonticone","1173902124385820672"
"146","PietroMonticone","41676231"
"147","PietroMonticone","961544622806917121"
"148","PietroMonticone","776864399621558277"
"149","PietroMonticone","628967454"
"150","PietroMonticone","365059891"
"151","PietroMonticone","764062320553234433"
"152","PietroMonticone","819675977701879808"
"153","PietroMonticone","149806281"
"154","PietroMonticone","14853904"
"155","PietroMonticone","386538440"
"156","PietroMonticone","1242146822820429824"
"157","PietroMonticone","632724692"
"158","PietroMonticone","1139880827507105792"
"159","PietroMonticone","1069045039"
"160","PietroMonticone","1046598080"
"161","PietroMonticone","51980681"
"162","PietroMonticone","2548304936"
"163","PietroMonticone","3450133816"
"164","PietroMonticone","926405490552311809"
"165","PietroMonticone","22341016"
"166","PietroMonticone","3433407383"
"167","PietroMonticone","973605001"
"168","PietroMonticone","14113766"
"169","PietroMonticone","321845193"
"170","PietroMonticone","994991396712058880"
"171","PietroMonticone","408653414"
"172","PietroMonticone","89729328"
"173","PietroMonticone","482265424"
"174","PietroMonticone","416437240"
"175","PietroMonticone","6566922"
"176","PietroMonticone","767815373987217410"
"177","PietroMonticone","26143609"
"178","PietroMonticone","58897224"
"179","PietroMonticone","261842406"
"180","PietroMonticone","2977828444"
"181","PietroMonticone","1183718232949186560"
"182","PietroMonticone","2862632471"
"183","PietroMonticone","77815209"
"184","PietroMonticone","1166449238"
"185","PietroMonticone","905075448798998530"
"186","PietroMonticone","2643354500"
"187","PietroMonticone","831859249995247621"
"188","PietroMonticone","87290528"
"189","PietroMonticone","538461403"
"190","PietroMonticone","1022481710120878081"
"191","PietroMonticone","1242531817753804802"
"192","PietroMonticone","1856509825"
"193","PietroMonticone","2410443117"
"194","PietroMonticone","118263124"
"195","PietroMonticone","417856150"
"196","PietroMonticone","1111199984077164544"
"197","PietroMonticone","382008009"
"198","PietroMonticone","370111485"
"199","PietroMonticone","3019638591"
"200","PietroMonticone","92101064"
"201","PietroMonticone","28295489"
"202","PietroMonticone","728566350470320128"
"203","PietroMonticone","3192637177"
"204","PietroMonticone","28319024"
"205","PietroMonticone","2436815372"
"206","PietroMonticone","80422885"
"207","PietroMonticone","3715765152"
"208","PietroMonticone","1007387588423045121"
"209","PietroMonticone","82188762"
"210","PietroMonticone","212681975"
"211","PietroMonticone","87403662"
"212","PietroMonticone","702919640"
"213","PietroMonticone","179490918"
"214","PietroMonticone","2460368252"
"215","PietroMonticone","4428066193"
"216","PietroMonticone","1113747629282930688"
"217","PietroMonticone","4181410761"
"218","PietroMonticone","52036241"
"219","PietroMonticone","328678637"
"220","PietroMonticone","423024537"
"221","PietroMonticone","3097519864"
"222","PietroMonticone","2424151074"
"223","PietroMonticone","587372595"
"224","PietroMonticone","1108184378016976896"
"225","PietroMonticone","61309973"
"226","PietroMonticone","816496604622553088"
"227","PietroMonticone","177416255"
"228","PietroMonticone","327094947"
"229","PietroMonticone","45105022"
"230","PietroMonticone","585438964"
"231","PietroMonticone","253480647"
"232","PietroMonticone","773069606"
"233","PietroMonticone","889508617635758081"
"234","PietroMonticone","850414658683105280"
"235","PietroMonticone","1237313802930176000"
"236","PietroMonticone","30427041"
"237","PietroMonticone","1232476042071166976"
"238","PietroMonticone","3238448948"
"239","PietroMonticone","1235753586983747585"
"240","PietroMonticone","3222385944"
"241","PietroMonticone","3433516535"
"242","PietroMonticone","609319929"
"243","PietroMonticone","1098359176064049152"
"244","PietroMonticone","14157416"
"245","PietroMonticone","2892168112"
"246","PietroMonticone","102177669"
"247","PietroMonticone","156031097"
"248","PietroMonticone","2425211149"
"249","PietroMonticone","1269350749"
"250","PietroMonticone","1640896620"
"251","PietroMonticone","59924621"
"252","PietroMonticone","453124512"
"253","PietroMonticone","961352250194120704"
"254","PietroMonticone","911952186208342016"
"255","PietroMonticone","401147215"
"256","PietroMonticone","1006419421244678144"
"257","PietroMonticone","1210910303447175170"
"258","PietroMonticone","11086342"
"259","PietroMonticone","519591373"
"260","PietroMonticone","617118982"
"261","PietroMonticone","181912222"
"262","PietroMonticone","19739240"
"263","PietroMonticone","704650175613165568"
"264","PietroMonticone","1220359214884904965"
"265","PietroMonticone","84653850"
"266","PietroMonticone","469182585"
"267","PietroMonticone","14464346"
"268","PietroMonticone","10724012"
"269","PietroMonticone","48463418"
"270","PietroMonticone","1113245091102175232"
"271","PietroMonticone","85145595"
"272","PietroMonticone","4787387265"
"273","PietroMonticone","3720738492"
"274","PietroMonticone","942238055607435264"
"275","PietroMonticone","2365745222"
"276","PietroMonticone","1068486102930112514"
"277","PietroMonticone","2549615690"
"278","PietroMonticone","1089086146930491392"
"279","PietroMonticone","783356145670852608"
"280","PietroMonticone","26745939"
"281","PietroMonticone","1479301693"
"282","PietroMonticone","324766896"
"283","PietroMonticone","4174351036"
"284","PietroMonticone","236305508"
"285","PietroMonticone","14093970"
"286","PietroMonticone","13334762"
"287","PietroMonticone","1305940272"
"288","PietroMonticone","27891804"
"289","PietroMonticone","3431740773"
"290","PietroMonticone","452355286"
"291","PietroMonticone","3092191180"
"292","PietroMonticone","5935462"
"293","PietroMonticone","2522993970"
"294","PietroMonticone","1952647291"
"295","PietroMonticone","941228863031529472"
"296","PietroMonticone","2851627972"
"297","PietroMonticone","50271559"
"298","PietroMonticone","1137819994157453318"
"299","PietroMonticone","2300536655"
"300","PietroMonticone","903453062"
"301","PietroMonticone","808987753388113920"
"302","PietroMonticone","2494473072"
"303","PietroMonticone","2863855470"
"304","PietroMonticone","105768989"
"305","PietroMonticone","1140025148004810752"
"306","PietroMonticone","381813372"
"307","PietroMonticone","1209238560706121729"
"308","PietroMonticone","2729817142"
"309","PietroMonticone","1065897328014491649"
"310","PietroMonticone","90694228"
"311","PietroMonticone","456864723"
"312","PietroMonticone","1307614093"
"313","PietroMonticone","3199856542"
"314","PietroMonticone","162746688"
"315","PietroMonticone","1057452552"
"316","PietroMonticone","1363049263"
"317","PietroMonticone","833373624"
"318","PietroMonticone","9584192"
"319","PietroMonticone","90882840"
"320","PietroMonticone","2431801963"
"321","PietroMonticone","1065932560692318209"
"322","PietroMonticone","74956332"
"323","PietroMonticone","107391777"
"324","PietroMonticone","854581958"
"325","PietroMonticone","736287969678483456"
"326","PietroMonticone","2871299982"
"327","PietroMonticone","34332516"
"328","PietroMonticone","3039504459"
"329","PietroMonticone","920270921914568705"
"330","PietroMonticone","1360175358"
"331","PietroMonticone","1073326243246944257"
"332","PietroMonticone","3989248213"
"333","PietroMonticone","1059518889917181952"
"334","PietroMonticone","105207999"
"335","PietroMonticone","707906342124658689"
"336","PietroMonticone","3196161958"
"337","PietroMonticone","794462244436344832"
"338","PietroMonticone","918485994088943616"
"339","PietroMonticone","539081407"
"340","PietroMonticone","922494279792189442"
"341","PietroMonticone","2644595281"
"342","PietroMonticone","945820508066590720"
"343","PietroMonticone","979213423"
"344","PietroMonticone","41430696"
"345","PietroMonticone","1565496386"
"346","PietroMonticone","2770265776"
"347","PietroMonticone","1170067562"
"348","PietroMonticone","870275621825511425"
"349","PietroMonticone","355834948"
"350","PietroMonticone","759030785475223552"
"351","PietroMonticone","771426085460385794"
"352","PietroMonticone","166123357"
"353","PietroMonticone","1072369941322510336"
"354","PietroMonticone","776585502606721024"
"355","PietroMonticone","254107028"
"356","PietroMonticone","427089628"
"357","PietroMonticone","161563071"
"358","PietroMonticone","1415145302"
"359","PietroMonticone","1047289776"
"360","PietroMonticone","31586578"
"361","PietroMonticone","256652655"
"362","PietroMonticone","178525062"
"363","PietroMonticone","958839715985321985"
"364","PietroMonticone","1221729527044485120"
"365","PietroMonticone","942422147200319489"
"366","PietroMonticone","341074299"
"367","PietroMonticone","776354346728652800"
"368","PietroMonticone","31086733"
"369","PietroMonticone","2837913549"
"370","PietroMonticone","2741980856"
"371","PietroMonticone","33836629"
"372","PietroMonticone","622354597"
"373","PietroMonticone","408627912"
"374","PietroMonticone","2349865278"
"375","PietroMonticone","244664022"
"376","PietroMonticone","177301542"
"377","PietroMonticone","202831369"
"378","PietroMonticone","526871737"
"379","PietroMonticone","74474647"
"380","PietroMonticone","2421007562"
"381","PietroMonticone","1066901215261409280"
"382","PietroMonticone","2584131224"
"383","PietroMonticone","1451878254"
"384","PietroMonticone","1204853272583892992"
"385","PietroMonticone","757843885087268865"
"386","PietroMonticone","44552918"
"387","PietroMonticone","824310822314721280"
"388","PietroMonticone","1059391320941383680"
"389","PietroMonticone","1607557356"
"390","PietroMonticone","77436536"
"391","PietroMonticone","1548959833"
"392","PietroMonticone","876264152825778176"
"393","PietroMonticone","322656777"
"394","PietroMonticone","4844847993"
"395","PietroMonticone","1875700062"
"396","PietroMonticone","703993442129604608"
"397","PietroMonticone","23774408"
"398","PietroMonticone","16403155"
"399","PietroMonticone","461379146"
"400","PietroMonticone","437897011"
"401","PietroMonticone","4096373309"
"402","PietroMonticone","467804590"
"403","PietroMonticone","490512649"
"404","PietroMonticone","1211580702480748544"
"405","PietroMonticone","1216751449889177611"
"406","PietroMonticone","1146041515128631297"
"407","PietroMonticone","2977656196"
"408","PietroMonticone","1467737210"
"409","PietroMonticone","763052115392593920"
"410","PietroMonticone","247517043"
"411","PietroMonticone","70791000"
"412","PietroMonticone","259401680"
"413","PietroMonticone","1036651210802163712"
"414","PietroMonticone","1170256471"
"415","PietroMonticone","4906211"
"416","PietroMonticone","3406043239"
"417","PietroMonticone","947820074131390464"
"418","PietroMonticone","254791849"
"419","PietroMonticone","773408519005540352"
"420","PietroMonticone","31372243"
"421","PietroMonticone","130906331"
"422","PietroMonticone","770930887470882816"
"423","PietroMonticone","2750994354"
"424","PietroMonticone","595452868"
"425","PietroMonticone","305435784"
"426","PietroMonticone","769251162"
"427","PietroMonticone","20963651"
"428","PietroMonticone","1093995530269741057"
"429","PietroMonticone","1432804788"
"430","PietroMonticone","2393144150"
"431","PietroMonticone","984040068678594560"
"432","PietroMonticone","26467061"
"433","PietroMonticone","229910053"
"434","PietroMonticone","4435227552"
"435","PietroMonticone","986202436820926464"
"436","PietroMonticone","11620892"
"437","PietroMonticone","1186738240658857987"
"438","PietroMonticone","102024049"
"439","PietroMonticone","3230388598"
"440","PietroMonticone","3029057830"
"441","PietroMonticone","39010299"
"442","PietroMonticone","964635660"
"443","PietroMonticone","470802436"
"444","PietroMonticone","3935845456"
"445","PietroMonticone","817434654751932416"
"446","PietroMonticone","350540152"
"447","PietroMonticone","520793920"
"448","PietroMonticone","8876152"
"449","PietroMonticone","440490061"
"450","PietroMonticone","2690688900"
"451","PietroMonticone","889324346535165952"
"452","PietroMonticone","17645466"
"453","PietroMonticone","2228647020"
"454","PietroMonticone","1113111200857026560"
"455","PietroMonticone","314734325"
"456","PietroMonticone","706529336"
"457","PietroMonticone","213355544"
"458","PietroMonticone","146448681"
"459","PietroMonticone","1711201364"
"460","PietroMonticone","1666801356"
"461","PietroMonticone","2546613296"
"462","PietroMonticone","238675940"
"463","PietroMonticone","1109809482656149504"
"464","PietroMonticone","46919059"
"465","PietroMonticone","15507433"
"466","PietroMonticone","1114865460"
"467","PietroMonticone","830928188"
"468","PietroMonticone","734755845808984068"
"469","PietroMonticone","20849273"
"470","PietroMonticone","440413534"
"471","PietroMonticone","2279530963"
"472","PietroMonticone","20715242"
"473","PietroMonticone","915719034"
"474","PietroMonticone","4560789095"
"475","PietroMonticone","1100436120024899584"
"476","PietroMonticone","2187906247"
"477","PietroMonticone","87420519"
"478","PietroMonticone","3043353708"
"479","PietroMonticone","917425977659199488"
"480","PietroMonticone","436230529"
"481","PietroMonticone","28962525"
"482","PietroMonticone","228166929"
"483","PietroMonticone","16933019"
"484","PietroMonticone","933014576647548928"
"485","PietroMonticone","903229881286348800"
"486","PietroMonticone","2993995444"
"487","PietroMonticone","769338045183172608"
"488","PietroMonticone","114573522"
"489","PietroMonticone","2883050530"
"490","PietroMonticone","14968581"
"491","PietroMonticone","544470728"
"492","PietroMonticone","582233920"
"493","PietroMonticone","1091101354939084801"
"494","PietroMonticone","187521608"
"495","PietroMonticone","1170035646116745216"
"496","PietroMonticone","2661726910"
"497","PietroMonticone","132615314"
"498","PietroMonticone","16398866"
"499","PietroMonticone","1639748756"
"500","PietroMonticone","454206916"
"501","PietroMonticone","142973143"
"502","PietroMonticone","58023582"
"503","PietroMonticone","990552499693244416"
"504","PietroMonticone","2332368062"
"505","PietroMonticone","21207218"
"506","PietroMonticone","961562161007951872"
"507","PietroMonticone","2637132063"
"508","PietroMonticone","17631078"
"509","PietroMonticone","912345692"
"510","PietroMonticone","17348942"
"511","PietroMonticone","25168865"
"512","PietroMonticone","45422613"
"513","PietroMonticone","244835973"
"514","PietroMonticone","1205904493507940354"
"515","PietroMonticone","1205901298274623489"
"516","PietroMonticone","3183383692"
"517","PietroMonticone","17044542"
"518","PietroMonticone","338984332"
"519","PietroMonticone","124797824"
"520","PietroMonticone","1932720145"
"521","PietroMonticone","465023908"
"522","PietroMonticone","16015499"
"523","PietroMonticone","2835574506"
"524","PietroMonticone","121715841"
"525","PietroMonticone","22737278"
"526","PietroMonticone","3904320391"
"527","PietroMonticone","1349588593"
"528","PietroMonticone","420215306"
"529","PietroMonticone","947336118243966976"
"530","PietroMonticone","32913997"
"531","PietroMonticone","1147819542594371586"
"532","PietroMonticone","2183570827"
"533","PietroMonticone","1169888305187475456"
"534","PietroMonticone","163844242"
"535","PietroMonticone","545566184"
"536","PietroMonticone","393033324"
"537","PietroMonticone","2178901645"
"538","PietroMonticone","1166811542094004230"
"539","PietroMonticone","803623417786155009"
"540","PietroMonticone","864319094"
"541","PietroMonticone","211535270"
"542","PietroMonticone","71042130"
"543","PietroMonticone","1140452276"
"544","PietroMonticone","1126134543067570176"
"545","PietroMonticone","2894902813"
"546","PietroMonticone","998939057110568960"
"547","PietroMonticone","2151060115"
"548","PietroMonticone","17463923"
"549","PietroMonticone","36119322"
"550","PietroMonticone","2197375387"
"551","PietroMonticone","1032644826418831360"
"552","PietroMonticone","1093492830604005376"
"553","PietroMonticone","2993647767"
"554","PietroMonticone","51704247"
"555","PietroMonticone","405154732"
"556","PietroMonticone","1247549077"
"557","PietroMonticone","1145384689944944640"
"558","PietroMonticone","105567049"
"559","PietroMonticone","370094706"
"560","PietroMonticone","916979655487447040"
"561","PietroMonticone","1007628707836637184"
"562","PietroMonticone","264703430"
"563","PietroMonticone","1162048902025142272"
"564","PietroMonticone","50312636"
"565","PietroMonticone","3591710966"
"566","PietroMonticone","891135381055451136"
"567","PietroMonticone","34317032"
"568","PietroMonticone","1189485708072890369"
"569","PietroMonticone","3437721179"
"570","PietroMonticone","1149023588818624512"
"571","PietroMonticone","1083287379098681346"
"572","PietroMonticone","1325283566"
"573","PietroMonticone","3400518881"
"574","PietroMonticone","3017932241"
"575","PietroMonticone","3306638483"
"576","PietroMonticone","104164358"
"577","PietroMonticone","2315869465"
"578","PietroMonticone","74801995"
"579","PietroMonticone","3251358419"
"580","PietroMonticone","806142073472712704"
"581","PietroMonticone","67283363"
"582","PietroMonticone","361593313"
"583","PietroMonticone","2880029134"
"584","PietroMonticone","986202623836606464"
"585","PietroMonticone","745917848900542464"
"586","PietroMonticone","39497270"
"587","PietroMonticone","731933276403830785"
"588","PietroMonticone","913344828280381440"
"589","PietroMonticone","794674046176755713"
"590","PietroMonticone","1012286039485046784"
"591","PietroMonticone","4343745383"
"592","PietroMonticone","1142961546403950592"
"593","PietroMonticone","1038512768486461440"
"594","PietroMonticone","384923143"
"595","PietroMonticone","883067386043215877"
"596","PietroMonticone","3496475238"
"597","PietroMonticone","277320871"
"598","PietroMonticone","1929862952"
"599","PietroMonticone","248827780"
"600","PietroMonticone","1342377462"
"601","PietroMonticone","830320413741838336"
"602","PietroMonticone","2505359724"
"603","PietroMonticone","2280718796"
"604","PietroMonticone","490363356"
"605","PietroMonticone","14249829"
"606","PietroMonticone","136310943"
"607","PietroMonticone","1014263765527879680"
"608","PietroMonticone","363423892"
"609","PietroMonticone","2848443243"
"610","PietroMonticone","733024864353845250"
"611","PietroMonticone","912858588"
"612","PietroMonticone","58203491"
"613","PietroMonticone","862766520"
"614","PietroMonticone","191516635"
"615","PietroMonticone","382714056"
"616","PietroMonticone","960459680219893760"
"617","PietroMonticone","956192410756886533"
"618","PietroMonticone","294710260"
"619","PietroMonticone","11778512"
"620","PietroMonticone","954335153723183104"
"621","PietroMonticone","211937351"
"622","PietroMonticone","533245526"
"623","PietroMonticone","3100113281"
"624","PietroMonticone","197057973"
"625","PietroMonticone","1227191965"
"626","PietroMonticone","2182619142"
"627","PietroMonticone","4083421809"
"628","PietroMonticone","879070005844992001"
"629","PietroMonticone","327798532"
"630","PietroMonticone","480661550"
"631","PietroMonticone","220424918"
"632","PietroMonticone","896094324341039104"
"633","PietroMonticone","101081754"
"634","PietroMonticone","92241457"
"635","PietroMonticone","824422377442439168"
"636","PietroMonticone","138513683"
"637","PietroMonticone","291793812"
"638","PietroMonticone","2497242884"
"639","PietroMonticone","2261261"
"640","PietroMonticone","30042589"
"641","PietroMonticone","889830947700473857"
"642","PietroMonticone","15353955"
"643","PietroMonticone","3290436545"
"644","PietroMonticone","956539964795301889"
"645","PietroMonticone","243775607"
"646","PietroMonticone","250956444"
"647","PietroMonticone","3312887219"
"648","PietroMonticone","1168508477066686471"
"649","PietroMonticone","138830247"
"650","PietroMonticone","156292959"
"651","PietroMonticone","1214343980"
"652","PietroMonticone","806654492922048512"
"653","PietroMonticone","48361925"
"654","PietroMonticone","20790580"
"655","PietroMonticone","202313343"
"656","PietroMonticone","222499457"
"657","PietroMonticone","920221128832020480"
"658","PietroMonticone","2468031486"
"659","PietroMonticone","18457820"
"660","PietroMonticone","1178959708050350080"
"661","PietroMonticone","771801482937065472"
"662","PietroMonticone","1178084877788483590"
"663","PietroMonticone","1064248860313309189"
"664","PietroMonticone","1124634820422795264"
"665","PietroMonticone","701504334341734400"
"666","PietroMonticone","54886635"
"667","PietroMonticone","19282280"
"668","PietroMonticone","22481472"
"669","PietroMonticone","250374176"
"670","PietroMonticone","834480455739121666"
"671","PietroMonticone","1570032288"
"672","PietroMonticone","16271543"
"673","PietroMonticone","1148183511335133184"
"674","PietroMonticone","1035895180849766400"
"675","PietroMonticone","532247558"
"676","PietroMonticone","1180194497554194434"
"677","PietroMonticone","3422156357"
"678","PietroMonticone","490182956"
"679","PietroMonticone","969204795457318920"
"680","PietroMonticone","42857269"
"681","PietroMonticone","3144159117"
"682","PietroMonticone","265051620"
"683","PietroMonticone","2986402355"
"684","PietroMonticone","501391845"
"685","PietroMonticone","100342158"
"686","PietroMonticone","3458195901"
"687","PietroMonticone","361941476"
"688","PietroMonticone","900709872798486530"
"689","PietroMonticone","114040486"
"690","PietroMonticone","1179646258769584128"
"691","PietroMonticone","1374600516"
"692","PietroMonticone","20370449"
"693","PietroMonticone","949339513"
"694","PietroMonticone","989338080"
"695","PietroMonticone","1138126849"
"696","PietroMonticone","58864849"
"697","PietroMonticone","2469674058"
"698","PietroMonticone","1004450613969784832"
"699","PietroMonticone","774310144448536576"
"700","PietroMonticone","90296448"
"701","PietroMonticone","14145739"
"702","PietroMonticone","414388419"
"703","PietroMonticone","1131689294"
"704","PietroMonticone","402869335"
"705","PietroMonticone","1223159934"
"706","PietroMonticone","5416602"
"707","PietroMonticone","100067085"
"708","PietroMonticone","197449091"
"709","PietroMonticone","1017719288935874561"
"710","PietroMonticone","3598976362"
"711","PietroMonticone","60618675"
"712","PietroMonticone","418034459"
"713","PietroMonticone","17026589"
"714","PietroMonticone","865004396681207809"
"715","PietroMonticone","1097068235634155520"
"716","PietroMonticone","2206585340"
"717","PietroMonticone","113062227"
"718","PietroMonticone","373373336"
"719","PietroMonticone","552985513"
"720","PietroMonticone","1467609360"
"721","PietroMonticone","2179994252"
"722","PietroMonticone","2463645547"
"723","PietroMonticone","2284807720"
"724","PietroMonticone","1010041878"
"725","PietroMonticone","716576919328841728"
"726","PietroMonticone","816592081200279552"
"727","PietroMonticone","344395626"
"728","PietroMonticone","301358705"
"729","PietroMonticone","372620635"
"730","PietroMonticone","120387434"
"731","PietroMonticone","218524698"
"732","PietroMonticone","3223838210"
"733","PietroMonticone","514865904"
"734","PietroMonticone","224428044"
"735","PietroMonticone","1171783721994858497"
"736","PietroMonticone","49063975"
"737","PietroMonticone","257420148"
"738","PietroMonticone","739250148522491904"
"739","PietroMonticone","573461749"
"740","PietroMonticone","1355184996"
"741","PietroMonticone","22755982"
"742","PietroMonticone","15008449"
"743","PietroMonticone","1047429848455626752"
"744","PietroMonticone","709663621853388800"
"745","PietroMonticone","3398631701"
"746","PietroMonticone","36918513"
"747","PietroMonticone","220732741"
"748","PietroMonticone","1237720952"
"749","PietroMonticone","743768472"
"750","PietroMonticone","961272457830256642"
"751","PietroMonticone","16117029"
"752","PietroMonticone","967361489576316928"
"753","PietroMonticone","948988697667624960"
"754","PietroMonticone","842679437263028226"
"755","PietroMonticone","271608889"
"756","PietroMonticone","455570658"
"757","PietroMonticone","281951476"
"758","PietroMonticone","15714370"
"759","PietroMonticone","3409898008"
"760","PietroMonticone","2885138213"
"761","PietroMonticone","254152617"
"762","PietroMonticone","2301521125"
"763","PietroMonticone","109069195"
"764","PietroMonticone","54399803"
"765","PietroMonticone","824116082650714112"
"766","PietroMonticone","2784228956"
"767","PietroMonticone","81091408"
"768","PietroMonticone","925988665"
"769","PietroMonticone","384009624"
"770","PietroMonticone","543981616"
"771","PietroMonticone","148481941"
"772","PietroMonticone","1733875638"
"773","PietroMonticone","722842576479322114"
"774","PietroMonticone","3254775552"
"775","PietroMonticone","876779066480889857"
"776","PietroMonticone","3030788479"
"777","PietroMonticone","2426334838"
"778","PietroMonticone","48445890"
"779","PietroMonticone","162361199"
"780","PietroMonticone","1043197589796139009"
"781","PietroMonticone","304177743"
"782","PietroMonticone","74173892"
"783","PietroMonticone","14499829"
"784","PietroMonticone","1094301729007550465"
"785","PietroMonticone","3959694077"
"786","PietroMonticone","1110549739488141314"
"787","PietroMonticone","610232748"
"788","PietroMonticone","756050314659323904"
"789","PietroMonticone","396532692"
"790","PietroMonticone","1116089806298259462"
"791","PietroMonticone","2648909365"
"792","PietroMonticone","899351"
"793","PietroMonticone","132231788"
"794","PietroMonticone","813477602"
"795","PietroMonticone","821769014691168256"
"796","PietroMonticone","70736359"
"797","PietroMonticone","877278595"
"798","PietroMonticone","834061426696343554"
"799","PietroMonticone","1008961742070779905"
"800","PietroMonticone","786447865"
"801","PietroMonticone","625544587"
"802","PietroMonticone","614249266"
"803","PietroMonticone","3299727449"
"804","PietroMonticone","35117516"
"805","PietroMonticone","799049656076419073"
"806","PietroMonticone","278030604"
"807","PietroMonticone","3308367485"
"808","PietroMonticone","272491055"
"809","PietroMonticone","715476691460558848"
"810","PietroMonticone","16330659"
"811","PietroMonticone","349832338"
"812","PietroMonticone","40627145"
"813","PietroMonticone","955698157"
"814","PietroMonticone","3001349853"
"815","PietroMonticone","73141930"
"816","PietroMonticone","102703874"
"817","PietroMonticone","2232848496"
"818","PietroMonticone","484771907"
"819","PietroMonticone","2329524026"
"820","PietroMonticone","553729228"
"821","PietroMonticone","422862407"
"822","PietroMonticone","273552883"
"823","PietroMonticone","3081584549"
"824","PietroMonticone","1071960170"
"825","PietroMonticone","744585759592685568"
"826","PietroMonticone","910424971813498880"
"827","PietroMonticone","257456990"
"828","PietroMonticone","21394379"
"829","PietroMonticone","3002449580"
"830","PietroMonticone","918476620591190017"
"831","PietroMonticone","179111098"
"832","PietroMonticone","266909386"
"833","PietroMonticone","520665133"
"834","PietroMonticone","3236484550"
"835","PietroMonticone","253998571"
"836","PietroMonticone","23128315"
"837","PietroMonticone","1255483495"
"838","PietroMonticone","146548246"
"839","PietroMonticone","15305044"
"840","PietroMonticone","917421961"
"841","PietroMonticone","140137735"
"842","PietroMonticone","74661005"
"843","PietroMonticone","3663246197"
"844","PietroMonticone","288403451"
"845","PietroMonticone","3041212257"
"846","PietroMonticone","332894847"
"847","PietroMonticone","1118136082921598977"
"848","PietroMonticone","318709067"
"849","PietroMonticone","467276015"
"850","PietroMonticone","146123790"
"851","PietroMonticone","124176132"
"852","PietroMonticone","76956597"
"853","PietroMonticone","317700208"
"854","PietroMonticone","888310189"
"855","PietroMonticone","217171485"
"856","PietroMonticone","3153831526"
"857","PietroMonticone","19225946"
"858","PietroMonticone","1010510647082266624"
"859","PietroMonticone","24161749"
"860","PietroMonticone","1086213771788541954"
"861","PietroMonticone","253540120"
"862","PietroMonticone","1061326824"
"863","PietroMonticone","771694410396557316"
"864","PietroMonticone","882598951307882497"
"865","PietroMonticone","942681942100672512"
"866","PietroMonticone","4812942310"
"867","PietroMonticone","1256078024"
"868","PietroMonticone","2862771082"
"869","PietroMonticone","1110640556819005440"
"870","PietroMonticone","3126164206"
"871","PietroMonticone","1080604920229838848"
"872","PietroMonticone","155693183"
"873","PietroMonticone","3748882893"
"874","PietroMonticone","530981342"
"875","PietroMonticone","114514992"
"876","PietroMonticone","989633635"
"877","PietroMonticone","1091012993285005312"
"878","PietroMonticone","268480432"
"879","PietroMonticone","2193053000"
"880","PietroMonticone","98907691"
"881","PietroMonticone","524769326"
"882","PietroMonticone","493678717"
"883","PietroMonticone","2555654275"
"884","PietroMonticone","2412910771"
"885","PietroMonticone","3874714518"
"886","PietroMonticone","2189138839"
"887","PietroMonticone","1105508110213545984"
"888","PietroMonticone","905891231053488128"
"889","PietroMonticone","164241783"
"890","PietroMonticone","69133574"
"891","PietroMonticone","11178672"
"892","PietroMonticone","28178127"
"893","PietroMonticone","82566863"
"894","PietroMonticone","2178038732"
"895","PietroMonticone","83166347"
"896","PietroMonticone","960487636040404994"
"897","PietroMonticone","441778701"
"898","PietroMonticone","14071166"
"899","PietroMonticone","234033706"
"900","PietroMonticone","389051649"
"901","PietroMonticone","3673110268"
"902","PietroMonticone","425148658"
"903","PietroMonticone","2879642556"
"904","PietroMonticone","602008132"
"905","PietroMonticone","53672896"
"906","PietroMonticone","2874082816"
"907","PietroMonticone","1104065798"
"908","PietroMonticone","949650263492780033"
"909","PietroMonticone","84679163"
"910","PietroMonticone","19386622"
"911","PietroMonticone","732817452569141248"
"912","PietroMonticone","714845470695100416"
"913","PietroMonticone","17606964"
"914","PietroMonticone","4145713119"
"915","PietroMonticone","24340604"
"916","PietroMonticone","15300187"
"917","PietroMonticone","243821406"
"918","PietroMonticone","2175101088"
"919","PietroMonticone","93494670"
"920","PietroMonticone","1219628612"
"921","PietroMonticone","2650057334"
"922","PietroMonticone","192942213"
"923","PietroMonticone","2489298668"
"924","PietroMonticone","3375927255"
"925","PietroMonticone","525785424"
"926","PietroMonticone","200514238"
"927","PietroMonticone","600221740"
"928","PietroMonticone","1339148192"
"929","PietroMonticone","95869752"
"930","PietroMonticone","312544868"
"931","PietroMonticone","937071079"
"932","PietroMonticone","2474749586"
"933","PietroMonticone","2666969059"
"934","PietroMonticone","1979287862"
"935","PietroMonticone","2805421915"
"936","PietroMonticone","77990334"
"937","PietroMonticone","771583225466531840"
"938","PietroMonticone","1704085728"
"939","PietroMonticone","1568606814"
"940","PietroMonticone","2709279138"
"941","PietroMonticone","2360943163"
"942","PietroMonticone","1111162147"
"943","PietroMonticone","143344335"
"944","PietroMonticone","223416400"
"945","PietroMonticone","788363167"
"946","PietroMonticone","7748752"
"947","PietroMonticone","835953569668939776"
"948","PietroMonticone","1009818953613479936"
"949","PietroMonticone","4509741"
"950","PietroMonticone","59819048"
"951","PietroMonticone","347886653"
"952","PietroMonticone","252608121"
"953","PietroMonticone","3017412700"
"954","PietroMonticone","33856936"
"955","PietroMonticone","1954278132"
"956","PietroMonticone","118026200"
"957","PietroMonticone","1962699368"
"958","PietroMonticone","373682248"
"959","PietroMonticone","937358015904337920"
"960","PietroMonticone","382393"
"961","PietroMonticone","274712575"
"962","PietroMonticone","3729520335"
"963","PietroMonticone","49976458"
"964","PietroMonticone","1626294277"
"965","PietroMonticone","14109167"
"966","PietroMonticone","572479189"
"967","PietroMonticone","1960705284"
"968","PietroMonticone","473353790"
"969","PietroMonticone","531122860"
"970","PietroMonticone","2584575792"
"971","PietroMonticone","82867773"
"972","PietroMonticone","52188980"
"973","PietroMonticone","16174144"
"974","PietroMonticone","3021635212"
"975","PietroMonticone","3096625956"
"976","PietroMonticone","30706856"
"977","PietroMonticone","368379922"
"978","PietroMonticone","3092297686"
"979","PietroMonticone","3942597494"
"980","PietroMonticone","591924206"
"981","PietroMonticone","4812928641"
"982","PietroMonticone","21639476"
"983","PietroMonticone","1033111082284605444"
"984","PietroMonticone","187515095"
"985","PietroMonticone","85286794"
"986","PietroMonticone","300868924"
"987","PietroMonticone","831470472"
"988","PietroMonticone","1265726480"
"989","PietroMonticone","499584878"
"990","PietroMonticone","204721301"
"991","PietroMonticone","2901252195"
"992","PietroMonticone","1316984629"
"993","PietroMonticone","316651357"
"994","PietroMonticone","18028431"
"995","PietroMonticone","190564700"
"996","PietroMonticone","34255829"
"997","PietroMonticone","14514804"
"998","PietroMonticone","4297653208"
"999","PietroMonticone","22642788"
"1000","PietroMonticone","89266393"
"1001","PietroMonticone","86065887"
"1002","PietroMonticone","950390277746905088"
"1003","PietroMonticone","1546977270"
"1004","PietroMonticone","57571700"
"1005","PietroMonticone","55213542"
"1006","PietroMonticone","381289719"
"1007","PietroMonticone","3253256552"
"1008","PietroMonticone","1400142960"
"1009","PietroMonticone","255048621"
"1010","PietroMonticone","2893223998"
"1011","PietroMonticone","301863076"
"1012","PietroMonticone","738776917529108481"
"1013","PietroMonticone","3363584909"
"1014","PietroMonticone","271452947"
"1015","PietroMonticone","26000689"
"1016","PietroMonticone","415906140"
"1017","PietroMonticone","382134761"
"1018","PietroMonticone","35467792"
"1019","PietroMonticone","46671396"
"1020","PietroMonticone","49279876"
"1021","PietroMonticone","17293921"
"1022","PietroMonticone","948694597642809344"
"1023","PietroMonticone","486530534"
"1024","PietroMonticone","481943972"
"1025","PietroMonticone","17657107"
"1026","PietroMonticone","529438517"
"1027","PietroMonticone","17354555"
"1028","PietroMonticone","24539444"
"1029","PietroMonticone","816291044325261312"
"1030","PietroMonticone","2595244026"
"1031","PietroMonticone","396238794"
"1032","PietroMonticone","745600340"
"1033","PietroMonticone","21107239"
"1034","PietroMonticone","3511430425"
"1035","PietroMonticone","3169963433"
"1036","PietroMonticone","610659001"
"1037","PietroMonticone","26205565"
"1038","PietroMonticone","22148802"
"1039","PietroMonticone","3869827637"
"1040","PietroMonticone","294380911"
"1041","PietroMonticone","56341402"
"1042","PietroMonticone","51734793"
"1043","PietroMonticone","31292265"
"1044","PietroMonticone","20280065"
"1045","PietroMonticone","991745802"
"1046","PietroMonticone","352213559"
"1047","PietroMonticone","2329316496"
"1048","PietroMonticone","242003048"
"1049","PietroMonticone","52740676"
"1050","PietroMonticone","232294292"
"1051","PietroMonticone","90169053"
"1052","PietroMonticone","1259800417"
"1053","PietroMonticone","14923954"
"1054","PietroMonticone","317422543"
"1055","PietroMonticone","142821259"
"1056","PietroMonticone","115478596"
"1057","PietroMonticone","2877269376"
"1058","PietroMonticone","14299449"
"1059","PietroMonticone","15626406"
"1060","PietroMonticone","37213193"
"1061","PietroMonticone","27047369"
"1062","PietroMonticone","118983660"
"1063","PietroMonticone","971835356"
"1064","PietroMonticone","582161546"
"1065","PietroMonticone","426509606"
"1066","PietroMonticone","14489299"
"1067","PietroMonticone","304928205"
"1068","PietroMonticone","25375092"
"1069","PietroMonticone","154407102"
"1070","PietroMonticone","21634600"
"1071","PietroMonticone","15521075"
"1072","PietroMonticone","106204123"
"1073","PietroMonticone","221808649"
"1074","PietroMonticone","10666172"
"1075","PietroMonticone","145784826"
"1076","PietroMonticone","1247375072"
"1077","PietroMonticone","807365647"
"1078","PietroMonticone","17997789"
"1079","PietroMonticone","341446025"
"1080","PietroMonticone","37238862"
"1081","PietroMonticone","22272053"
"1082","PietroMonticone","25734277"
"1083","PietroMonticone","407985006"
"1084","PietroMonticone","874567930213793794"
"1085","PietroMonticone","265179248"
"1086","PietroMonticone","2316224708"
"1087","PietroMonticone","9207632"
"1088","PietroMonticone","579299426"
"1089","PietroMonticone","2180768821"
"1090","PietroMonticone","21592033"
"1091","PietroMonticone","90258002"
"1092","PietroMonticone","828441040344412160"
"1093","PietroMonticone","18691746"
"1094","PietroMonticone","202573676"
"1095","PietroMonticone","170877963"
"1096","PietroMonticone","840741464"
"1097","PietroMonticone","2584449696"
"1098","PietroMonticone","1031441605"
"1099","PietroMonticone","467551928"
"1100","PietroMonticone","468764094"
"1101","PietroMonticone","122795357"
"1102","PietroMonticone","181697431"
"1103","PietroMonticone","763156668699975680"
"1104","PietroMonticone","163133862"
"1105","PietroMonticone","823518894182846464"
"1106","PietroMonticone","426967239"
"1107","PietroMonticone","4266062594"
"1108","PietroMonticone","21611239"
"1109","PietroMonticone","3599926766"
"1110","PietroMonticone","15912890"
"1111","PietroMonticone","423109364"
"1112","PietroMonticone","2400315782"
"1113","PietroMonticone","2766925212"
"1114","PietroMonticone","15125585"
"1115","PietroMonticone","51222401"
"1116","PietroMonticone","2163374389"
"1117","PietroMonticone","363005534"
"1118","PietroMonticone","18042754"
"1119","PietroMonticone","194377912"
"1120","PietroMonticone","88697946"
"1121","PietroMonticone","367297219"
"1122","PietroMonticone","22419487"
"1123","PietroMonticone","20729766"
"1124","PietroMonticone","21626287"
"1125","PietroMonticone","128292609"
"1126","PietroMonticone","11885742"
"1127","PietroMonticone","1149541562"
"1128","PietroMonticone","55383035"
"1129","PietroMonticone","1632913393"
"1130","PietroMonticone","2364445033"
"1131","PietroMonticone","19053113"
"1132","PietroMonticone","2969611414"
"1133","PietroMonticone","841709695"
"1134","PietroMonticone","2540794650"
"1135","PietroMonticone","54837635"
"1136","PietroMonticone","39005137"
"1137","PietroMonticone","21678359"
"1138","PietroMonticone","997629601"
"1139","PietroMonticone","207256884"
"1140","PietroMonticone","326195345"
"1141","PietroMonticone","230492604"
"1142","PietroMonticone","1002014071"
"1143","PietroMonticone","79024978"
"1144","PietroMonticone","2422362816"
"1145","PietroMonticone","14342564"
"1146","PietroMonticone","127305588"
"1147","PietroMonticone","1087860428"
"1148","PietroMonticone","30034124"
"1149","PietroMonticone","4620451"
"1150","PietroMonticone","2530947115"
"1151","PietroMonticone","15439395"
"1152","PietroMonticone","259771124"
"1153","PietroMonticone","1266281"
"1154","PietroMonticone","1603439773"
"1155","PietroMonticone","524354854"
"1156","PietroMonticone","104786280"
"1157","PietroMonticone","2530362500"
"1158","PietroMonticone","216080074"
"1159","PietroMonticone","20608701"
"1160","PietroMonticone","85262682"
"1161","PietroMonticone","16576882"
"1162","PietroMonticone","22074836"
"1163","PietroMonticone","34868965"
"1164","PietroMonticone","860158302"
"1165","PietroMonticone","28543386"
"1166","PietroMonticone","15461733"
"1167","PietroMonticone","17248121"
"1168","PietroMonticone","1609107536"
"1169","PietroMonticone","17939037"
"1170","PietroMonticone","15110431"
"1171","PietroMonticone","15234407"
"1172","PietroMonticone","32372834"
"1173","PietroMonticone","107225267"
"1174","PietroMonticone","194192566"
"1175","PietroMonticone","15143478"
"1176","PietroMonticone","37621971"
"1177","PietroMonticone","50393960"
